<?xml version="1.0" encoding="UTF-8"?>
<project-private xmlns="http://www.netbeans.org/ns/project-private/1">
    <editor-bookmarks xmlns="http://www.netbeans.org/ns/editor-bookmarks/2" lastBookmarkId="0"/>
    <open-files xmlns="http://www.netbeans.org/ns/projectui-open-files/2">
        <group>
            <file>file:/D:/Pro_Java/DoAn/Product_Management/src/product_management/Register_Form.java</file>
            <file>file:/D:/Pro_Java/DoAn/Product_Management/src/product_management/Product_Management.java</file>
            <file>file:/D:/Pro_Java/DoAn/Product_Management/src/product_management/My_CNX.java</file>
            <file>file:/D:/Pro_Java/DoAn/Product_Management/src/product_management/Login_Form.java</file>
            <file>file:/D:/Pro_Java/DoAn/Product_Management/src/product_management/User_Infomation.java</file>
            <file>file:/D:/Pro_Java/DoAn/Product_Management/src/product_management/Menu_Form.java</file>
            <file>file:/D:/Pro_Java/DoAn/Product_Management/src/product_management/Main_Window.java</file>
        </group>
    </open-files>
</project-private>
